Country,Subject Descriptor,Units,Scale,Country/Series-specific Notes,2018,Estimates Start After
Afghanistan,"Gross domestic product per capita, current prices",Purchasing power parity; international dollars,Units,"See notes for:  Gross domestic product, current prices (National currency) Population (Persons).","2,016.89",2016
Albania,"Gross domestic product per capita, current prices",Purchasing power parity; international dollars,Units,"See notes for:  Gross domestic product, current prices (National currency) Population (Persons).","13,344.54",2016
Algeria,"Gross domestic product per capita, current prices",Purchasing power parity; international dollars,Units,"See notes for:  Gross domestic product, current prices (National currency) Population (Persons).","15,439.92",2017
Angola,"Gross domestic product per capita, current prices",Purchasing power parity; international dollars,Units,"See notes for:  Gross domestic product, current prices (National currency) Population (Persons).","6,814.33",2015
Antigua and Barbuda,"Gross domestic product per capita, current prices",Purchasing power parity; international dollars,Units,"See notes for:  Gross domestic product, current prices (National currency) Population (Persons).","27,981.26",2011
Argentina,"Gross domestic product per capita, current prices",Purchasing power parity; international dollars,Units,"See notes for:  Gross domestic product, current prices (National currency) Population (Persons).","20,537.06",2017
Armenia,"Gross domestic product per capita, current prices",Purchasing power parity; international dollars,Units,"See notes for:  Gross domestic product, current prices (National currency) Population (Persons).","10,176.09",2015
Australia,"Gross domestic product per capita, current prices",Purchasing power parity; international dollars,Units,"See notes for:  Gross domestic product, current prices (National currency) Population (Persons).","52,373.46",2018
Austria,"Gross domestic product per capita, current prices",Purchasing power parity; international dollars,Units,"See notes for:  Gross domestic product, current prices (National currency) Population (Persons).","52,137.43",2017
Azerbaijan,"Gross domestic product per capita, current prices",Purchasing power parity; international dollars,Units,"See notes for:  Gross domestic product, current prices (National currency) Population (Persons).","18,075.90",2017
The Bahamas,"Gross domestic product per capita, current prices",Purchasing power parity; international dollars,Units,"See notes for:  Gross domestic product, current prices (National currency) Population (Persons).","33,494.19",2017
Bahrain,"Gross domestic product per capita, current prices",Purchasing power parity; international dollars,Units,"See notes for:  Gross domestic product, current prices (National currency) Population (Persons).","50,056.50",2016
Bangladesh,"Gross domestic product per capita, current prices",Purchasing power parity; international dollars,Units,"See notes for:  Gross domestic product, current prices (National currency) Population (Persons).","4,619.79",2013
Barbados,"Gross domestic product per capita, current prices",Purchasing power parity; international dollars,Units,"See notes for:  Gross domestic product, current prices (National currency) Population (Persons).","18,534.30",2017
Belarus,"Gross domestic product per capita, current prices",Purchasing power parity; international dollars,Units,"See notes for:  Gross domestic product, current prices (National currency) Population (Persons).","20,003.03",2017
Belgium,"Gross domestic product per capita, current prices",Purchasing power parity; international dollars,Units,"See notes for:  Gross domestic product, current prices (National currency) Population (Persons).","48,244.66",2017
Belize,"Gross domestic product per capita, current prices",Purchasing power parity; international dollars,Units,"See notes for:  Gross domestic product, current prices (National currency) Population (Persons).","8,500.93",2014
Benin,"Gross domestic product per capita, current prices",Purchasing power parity; international dollars,Units,"See notes for:  Gross domestic product, current prices (National currency) Population (Persons).","2,426.48",2015
Bhutan,"Gross domestic product per capita, current prices",Purchasing power parity; international dollars,Units,"See notes for:  Gross domestic product, current prices (National currency) Population (Persons).","9,539.64",2015
Bolivia,"Gross domestic product per capita, current prices",Purchasing power parity; international dollars,Units,"See notes for:  Gross domestic product, current prices (National currency) Population (Persons).","7,476.94",2012
Bosnia and Herzegovina,"Gross domestic product per capita, current prices",Purchasing power parity; international dollars,Units,"See notes for:  Gross domestic product, current prices (National currency) Population (Persons).","13,490.95",2017
Botswana,"Gross domestic product per capita, current prices",Purchasing power parity; international dollars,Units,"See notes for:  Gross domestic product, current prices (National currency) Population (Persons).","17,965.38",2016
Brazil,"Gross domestic product per capita, current prices",Purchasing power parity; international dollars,Units,"See notes for:  Gross domestic product, current prices (National currency) Population (Persons).","16,154.33",2016
Brunei Darussalam,"Gross domestic product per capita, current prices",Purchasing power parity; international dollars,Units,"See notes for:  Gross domestic product, current prices (National currency) Population (Persons).","79,529.86",2016
Bulgaria,"Gross domestic product per capita, current prices",Purchasing power parity; international dollars,Units,"See notes for:  Gross domestic product, current prices (National currency) Population (Persons).","23,155.64",2018
Burkina Faso,"Gross domestic product per capita, current prices",Purchasing power parity; international dollars,Units,"See notes for:  Gross domestic product, current prices (National currency) Population (Persons).","1,996.14",2016
Burundi,"Gross domestic product per capita, current prices",Purchasing power parity; international dollars,Units,"See notes for:  Gross domestic product, current prices (National currency) Population (Persons).",732.543,0
Cabo Verde,"Gross domestic product per capita, current prices",Purchasing power parity; international dollars,Units,"See notes for:  Gross domestic product, current prices (National currency) Population (Persons).","7,315.59",2016
Cambodia,"Gross domestic product per capita, current prices",Purchasing power parity; international dollars,Units,"See notes for:  Gross domestic product, current prices (National currency) Population (Persons).","4,334.75",2012
Cameroon,"Gross domestic product per capita, current prices",Purchasing power parity; international dollars,Units,"See notes for:  Gross domestic product, current prices (National currency) Population (Persons).","3,828.20",2010
Canada,"Gross domestic product per capita, current prices",Purchasing power parity; international dollars,Units,"See notes for:  Gross domestic product, current prices (National currency) Population (Persons).","49,651.18",2018
Central African Republic,"Gross domestic product per capita, current prices",Purchasing power parity; international dollars,Units,"See notes for:  Gross domestic product, current prices (National currency) Population (Persons).",711.896,2004
Chad,"Gross domestic product per capita, current prices",Purchasing power parity; international dollars,Units,"See notes for:  Gross domestic product, current prices (National currency) Population (Persons).","2,415.25",2004
Chile,"Gross domestic product per capita, current prices",Purchasing power parity; international dollars,Units,"See notes for:  Gross domestic product, current prices (National currency) Population (Persons).","25,978.33",2017
China,"Gross domestic product per capita, current prices",Purchasing power parity; international dollars,Units,"See notes for:  Gross domestic product, current prices (National currency) Population (Persons).","18,109.81",2017
Colombia,"Gross domestic product per capita, current prices",Purchasing power parity; international dollars,Units,"See notes for:  Gross domestic product, current prices (National currency) Population (Persons).","14,943.48",2017
Comoros,"Gross domestic product per capita, current prices",Purchasing power parity; international dollars,Units,"See notes for:  Gross domestic product, current prices (National currency) Population (Persons).","1,631.83",2015
Democratic Republic of the Congo,"Gross domestic product per capita, current prices",Purchasing power parity; international dollars,Units,"See notes for:  Gross domestic product, current prices (National currency) Population (Persons).",767.393,1983
Republic of Congo,"Gross domestic product per capita, current prices",Purchasing power parity; international dollars,Units,"See notes for:  Gross domestic product, current prices (National currency) Population (Persons).","6,798.92",2004
Costa Rica,"Gross domestic product per capita, current prices",Purchasing power parity; international dollars,Units,"See notes for:  Gross domestic product, current prices (National currency) Population (Persons).","17,559.06",2017
Côte d'Ivoire,"Gross domestic product per capita, current prices",Purchasing power parity; international dollars,Units,"See notes for:  Gross domestic product, current prices (National currency) Population (Persons).","4,177.64",2015
Croatia,"Gross domestic product per capita, current prices",Purchasing power parity; international dollars,Units,"See notes for:  Gross domestic product, current prices (National currency) Population (Persons).","26,221.43",2017
Cyprus,"Gross domestic product per capita, current prices",Purchasing power parity; international dollars,Units,"See notes for:  Gross domestic product, current prices (National currency) Population (Persons).","39,973.22",2017
Czech Republic,"Gross domestic product per capita, current prices",Purchasing power parity; international dollars,Units,"See notes for:  Gross domestic product, current prices (National currency) Population (Persons).","37,370.97",2017
Denmark,"Gross domestic product per capita, current prices",Purchasing power parity; international dollars,Units,"See notes for:  Gross domestic product, current prices (National currency) Population (Persons).","52,120.54",2018
Djibouti,"Gross domestic product per capita, current prices",Purchasing power parity; international dollars,Units,"See notes for:  Gross domestic product, current prices (National currency) Population (Persons).","3,785.76",2013
Dominica,"Gross domestic product per capita, current prices",Purchasing power parity; international dollars,Units,"See notes for:  Gross domestic product, current prices (National currency) Population (Persons).","9,886.08",2011
Dominican Republic,"Gross domestic product per capita, current prices",Purchasing power parity; international dollars,Units,"See notes for:  Gross domestic product, current prices (National currency) Population (Persons).","18,424.61",2016
Ecuador,"Gross domestic product per capita, current prices",Purchasing power parity; international dollars,Units,"See notes for:  Gross domestic product, current prices (National currency) Population (Persons).","11,718.05",2017
Egypt,"Gross domestic product per capita, current prices",Purchasing power parity; international dollars,Units,"See notes for:  Gross domestic product, current prices (National currency) Population (Persons).","13,366.47",2018
El Salvador,"Gross domestic product per capita, current prices",Purchasing power parity; international dollars,Units,"See notes for:  Gross domestic product, current prices (National currency) Population (Persons).","8,041.20",2017
Equatorial Guinea,"Gross domestic product per capita, current prices",Purchasing power parity; international dollars,Units,"See notes for:  Gross domestic product, current prices (National currency) Population (Persons).","22,709.69",2015
Eritrea,"Gross domestic product per capita, current prices",Purchasing power parity; international dollars,Units,"See notes for:  Gross domestic product, current prices (National currency) Population (Persons).","1,656.53",2006
Estonia,"Gross domestic product per capita, current prices",Purchasing power parity; international dollars,Units,"See notes for:  Gross domestic product, current prices (National currency) Population (Persons).","34,095.76",2018
Eswatini,"Gross domestic product per capita, current prices",Purchasing power parity; international dollars,Units,"See notes for:  Gross domestic product, current prices (National currency) Population (Persons).","11,019.77",2017
Ethiopia,"Gross domestic product per capita, current prices",Purchasing power parity; international dollars,Units,"See notes for:  Gross domestic product, current prices (National currency) Population (Persons).","2,332.16",2016
Fiji,"Gross domestic product per capita, current prices",Purchasing power parity; international dollars,Units,"See notes for:  Gross domestic product, current prices (National currency) Population (Persons).","10,233.64",2017
Finland,"Gross domestic product per capita, current prices",Purchasing power parity; international dollars,Units,"See notes for:  Gross domestic product, current prices (National currency) Population (Persons).","46,429.53",2017
France,"Gross domestic product per capita, current prices",Purchasing power parity; international dollars,Units,"See notes for:  Gross domestic product, current prices (National currency) Population (Persons).","45,775.15",2017
Gabon,"Gross domestic product per capita, current prices",Purchasing power parity; international dollars,Units,"See notes for:  Gross domestic product, current prices (National currency) Population (Persons).","18,495.87",2004
The Gambia,"Gross domestic product per capita, current prices",Purchasing power parity; international dollars,Units,"See notes for:  Gross domestic product, current prices (National currency) Population (Persons).","2,791.89",2017
Georgia,"Gross domestic product per capita, current prices",Purchasing power parity; international dollars,Units,"See notes for:  Gross domestic product, current prices (National currency) Population (Persons).","11,485.44",2015
Germany,"Gross domestic product per capita, current prices",Purchasing power parity; international dollars,Units,"See notes for:  Gross domestic product, current prices (National currency) Population (Persons).","52,558.69",2018
Ghana,"Gross domestic product per capita, current prices",Purchasing power parity; international dollars,Units,"See notes for:  Gross domestic product, current prices (National currency) Population (Persons).","6,451.72",0
Greece,"Gross domestic product per capita, current prices",Purchasing power parity; international dollars,Units,"See notes for:  Gross domestic product, current prices (National currency) Population (Persons).","29,122.96",2017
Grenada,"Gross domestic product per capita, current prices",Purchasing power parity; international dollars,Units,"See notes for:  Gross domestic product, current prices (National currency) Population (Persons).","16,166.69",2016
Guatemala,"Gross domestic product per capita, current prices",Purchasing power parity; international dollars,Units,"See notes for:  Gross domestic product, current prices (National currency) Population (Persons).","8,436.37",2017
Guinea,"Gross domestic product per capita, current prices",Purchasing power parity; international dollars,Units,"See notes for:  Gross domestic product, current prices (National currency) Population (Persons).","2,309.62",2014
Guinea-Bissau,"Gross domestic product per capita, current prices",Purchasing power parity; international dollars,Units,"See notes for:  Gross domestic product, current prices (National currency) Population (Persons).","1,936.85",2017
Guyana,"Gross domestic product per capita, current prices",Purchasing power parity; international dollars,Units,"See notes for:  Gross domestic product, current prices (National currency) Population (Persons).","8,519.00",2017
Haiti,"Gross domestic product per capita, current prices",Purchasing power parity; international dollars,Units,"See notes for:  Gross domestic product, current prices (National currency) Population (Persons).","1,864.35",0
Honduras,"Gross domestic product per capita, current prices",Purchasing power parity; international dollars,Units,"See notes for:  Gross domestic product, current prices (National currency) Population (Persons).","5,212.02",2017
Hong Kong SAR,"Gross domestic product per capita, current prices",Purchasing power parity; international dollars,Units,"See notes for:  Gross domestic product, current prices (National currency) Population (Persons).","64,215.67",2018
Hungary,"Gross domestic product per capita, current prices",Purchasing power parity; international dollars,Units,"See notes for:  Gross domestic product, current prices (National currency) Population (Persons).","31,902.67",2017
Iceland,"Gross domestic product per capita, current prices",Purchasing power parity; international dollars,Units,"See notes for:  Gross domestic product, current prices (National currency) Population (Persons).","55,917.32",2018
India,"Gross domestic product per capita, current prices",Purchasing power parity; international dollars,Units,"See notes for:  Gross domestic product, current prices (National currency) Population (Persons).","7,873.73",2013
Indonesia,"Gross domestic product per capita, current prices",Purchasing power parity; international dollars,Units,"See notes for:  Gross domestic product, current prices (National currency) Population (Persons).","13,229.54",2018
Islamic Republic of Iran,"Gross domestic product per capita, current prices",Purchasing power parity; international dollars,Units,"See notes for:  Gross domestic product, current prices (National currency) Population (Persons).","19,556.55",2017
Iraq,"Gross domestic product per capita, current prices",Purchasing power parity; international dollars,Units,"See notes for:  Gross domestic product, current prices (National currency) Population (Persons).","17,659.42",2013
Ireland,"Gross domestic product per capita, current prices",Purchasing power parity; international dollars,Units,"See notes for:  Gross domestic product, current prices (National currency) Population (Persons).","78,784.83",2017
Israel,"Gross domestic product per capita, current prices",Purchasing power parity; international dollars,Units,"See notes for:  Gross domestic product, current prices (National currency) Population (Persons).","37,972.00",2017
Italy,"Gross domestic product per capita, current prices",Purchasing power parity; international dollars,Units,"See notes for:  Gross domestic product, current prices (National currency) Population (Persons).","39,636.99",2017
Jamaica,"Gross domestic product per capita, current prices",Purchasing power parity; international dollars,Units,"See notes for:  Gross domestic product, current prices (National currency) Population (Persons).","9,446.57",2015
Japan,"Gross domestic product per capita, current prices",Purchasing power parity; international dollars,Units,"See notes for:  Gross domestic product, current prices (National currency) Population (Persons).","44,227.16",2017
Jordan,"Gross domestic product per capita, current prices",Purchasing power parity; international dollars,Units,"See notes for:  Gross domestic product, current prices (National currency) Population (Persons).","9,433.46",2015
Kazakhstan,"Gross domestic product per capita, current prices",Purchasing power parity; international dollars,Units,"See notes for:  Gross domestic product, current prices (National currency) Population (Persons).","27,549.81",2015
Kenya,"Gross domestic product per capita, current prices",Purchasing power parity; international dollars,Units,"See notes for:  Gross domestic product, current prices (National currency) Population (Persons).","3,690.92",2013
Kiribati,"Gross domestic product per capita, current prices",Purchasing power parity; international dollars,Units,"See notes for:  Gross domestic product, current prices (National currency) Population (Persons).","2,085.57",2015
Korea,"Gross domestic product per capita, current prices",Purchasing power parity; international dollars,Units,"See notes for:  Gross domestic product, current prices (National currency) Population (Persons).","41,350.59",2017
Kosovo,"Gross domestic product per capita, current prices",Purchasing power parity; international dollars,Units,"See notes for:  Gross domestic product, current prices (National currency) Population (Persons).","11,551.58",0
Kuwait,"Gross domestic product per capita, current prices",Purchasing power parity; international dollars,Units,"See notes for:  Gross domestic product, current prices (National currency) Population (Persons).","67,000.19",2016
Kyrgyz Republic,"Gross domestic product per capita, current prices",Purchasing power parity; international dollars,Units,"See notes for:  Gross domestic product, current prices (National currency) Population (Persons).","3,843.58",2016
Lao P.D.R.,"Gross domestic product per capita, current prices",Purchasing power parity; international dollars,Units,"See notes for:  Gross domestic product, current prices (National currency) Population (Persons).","7,924.64",2016
Latvia,"Gross domestic product per capita, current prices",Purchasing power parity; international dollars,Units,"See notes for:  Gross domestic product, current prices (National currency) Population (Persons).","29,901.29",2018
Lebanon,"Gross domestic product per capita, current prices",Purchasing power parity; international dollars,Units,"See notes for:  Gross domestic product, current prices (National currency) Population (Persons).","14,684.07",2012
Lesotho,"Gross domestic product per capita, current prices",Purchasing power parity; international dollars,Units,"See notes for:  Gross domestic product, current prices (National currency) Population (Persons).","3,394.49",2016
Liberia,"Gross domestic product per capita, current prices",Purchasing power parity; international dollars,Units,"See notes for:  Gross domestic product, current prices (National currency) Population (Persons).","1,417.61",2009
Libya,"Gross domestic product per capita, current prices",Purchasing power parity; international dollars,Units,"See notes for:  Gross domestic product, current prices (National currency) Population (Persons).","11,468.59",2014
Lithuania,"Gross domestic product per capita, current prices",Purchasing power parity; international dollars,Units,"See notes for:  Gross domestic product, current prices (National currency) Population (Persons).","34,825.79",2018
Luxembourg,"Gross domestic product per capita, current prices",Purchasing power parity; international dollars,Units,"See notes for:  Gross domestic product, current prices (National currency) Population (Persons).","106,704.93",2017
Macao SAR,"Gross domestic product per capita, current prices",Purchasing power parity; international dollars,Units,"See notes for:  Gross domestic product, current prices (National currency) Population (Persons).","116,807.87",2017
Madagascar,"Gross domestic product per capita, current prices",Purchasing power parity; international dollars,Units,"See notes for:  Gross domestic product, current prices (National currency) Population (Persons).","1,630.21",2010
Malawi,"Gross domestic product per capita, current prices",Purchasing power parity; international dollars,Units,"See notes for:  Gross domestic product, current prices (National currency) Population (Persons).","1,199.40",2011
Malaysia,"Gross domestic product per capita, current prices",Purchasing power parity; international dollars,Units,"See notes for:  Gross domestic product, current prices (National currency) Population (Persons).","30,859.87",2018
Maldives,"Gross domestic product per capita, current prices",Purchasing power parity; international dollars,Units,"See notes for:  Gross domestic product, current prices (National currency) Population (Persons).","21,759.91",2014
Mali,"Gross domestic product per capita, current prices",Purchasing power parity; international dollars,Units,"See notes for:  Gross domestic product, current prices (National currency) Population (Persons).","2,383.96",2016
Malta,"Gross domestic product per capita, current prices",Purchasing power parity; international dollars,Units,"See notes for:  Gross domestic product, current prices (National currency) Population (Persons).","45,605.88",2017
Marshall Islands,"Gross domestic product per capita, current prices",Purchasing power parity; international dollars,Units,"See notes for:  Gross domestic product, current prices (National currency) Population (Persons).","3,696.64",2016
Mauritania,"Gross domestic product per capita, current prices",Purchasing power parity; international dollars,Units,"See notes for:  Gross domestic product, current prices (National currency) Population (Persons).","3,990.21",2014
Mauritius,"Gross domestic product per capita, current prices",Purchasing power parity; international dollars,Units,"See notes for:  Gross domestic product, current prices (National currency) Population (Persons).","23,699.48",2017
Mexico,"Gross domestic product per capita, current prices",Purchasing power parity; international dollars,Units,"See notes for:  Gross domestic product, current prices (National currency) Population (Persons).","20,601.66",2017
Micronesia,"Gross domestic product per capita, current prices",Purchasing power parity; international dollars,Units,"See notes for:  Gross domestic product, current prices (National currency) Population (Persons).","3,482.32",2016
Moldova,"Gross domestic product per capita, current prices",Purchasing power parity; international dollars,Units,"See notes for:  Gross domestic product, current prices (National currency) Population (Persons).","7,304.50",2017
Mongolia,"Gross domestic product per capita, current prices",Purchasing power parity; international dollars,Units,"See notes for:  Gross domestic product, current prices (National currency) Population (Persons).","13,446.54",2014
Montenegro,"Gross domestic product per capita, current prices",Purchasing power parity; international dollars,Units,"See notes for:  Gross domestic product, current prices (National currency) Population (Persons).","19,043.32",2017
Morocco,"Gross domestic product per capita, current prices",Purchasing power parity; international dollars,Units,"See notes for:  Gross domestic product, current prices (National currency) Population (Persons).","8,932.58",2016
Mozambique,"Gross domestic product per capita, current prices",Purchasing power parity; international dollars,Units,"See notes for:  Gross domestic product, current prices (National currency) Population (Persons).","1,291.45",2015
Myanmar,"Gross domestic product per capita, current prices",Purchasing power parity; international dollars,Units,"See notes for:  Gross domestic product, current prices (National currency) Population (Persons).","6,216.73",2015
Namibia,"Gross domestic product per capita, current prices",Purchasing power parity; international dollars,Units,"See notes for:  Gross domestic product, current prices (National currency) Population (Persons).","11,228.75",2017
Nauru,"Gross domestic product per capita, current prices",Purchasing power parity; international dollars,Units,"See notes for:  Gross domestic product, current prices (National currency) Population (Persons).","12,326.37",2016
Nepal,"Gross domestic product per capita, current prices",Purchasing power parity; international dollars,Units,"See notes for:  Gross domestic product, current prices (National currency) Population (Persons).","2,904.86",2015
Netherlands,"Gross domestic product per capita, current prices",Purchasing power parity; international dollars,Units,"See notes for:  Gross domestic product, current prices (National currency) Population (Persons).","56,383.25",2017
New Zealand,"Gross domestic product per capita, current prices",Purchasing power parity; international dollars,Units,"See notes for:  Gross domestic product, current prices (National currency) Population (Persons).","40,135.41",2017
Nicaragua,"Gross domestic product per capita, current prices",Purchasing power parity; international dollars,Units,"See notes for:  Gross domestic product, current prices (National currency) Population (Persons).","5,682.74",2017
Niger,"Gross domestic product per capita, current prices",Purchasing power parity; international dollars,Units,"See notes for:  Gross domestic product, current prices (National currency) Population (Persons).","1,216.76",2009
Nigeria,"Gross domestic product per capita, current prices",Purchasing power parity; international dollars,Units,"See notes for:  Gross domestic product, current prices (National currency) Population (Persons).","6,027.17",2012
North Macedonia,"Gross domestic product per capita, current prices",Purchasing power parity; international dollars,Units,"See notes for:  Gross domestic product, current prices (National currency) Population (Persons).","15,709.49",2017
Norway,"Gross domestic product per capita, current prices",Purchasing power parity; international dollars,Units,"See notes for:  Gross domestic product, current prices (National currency) Population (Persons).","74,356.07",2017
Oman,"Gross domestic product per capita, current prices",Purchasing power parity; international dollars,Units,"See notes for:  Gross domestic product, current prices (National currency) Population (Persons).","46,583.97",2017
Pakistan,"Gross domestic product per capita, current prices",Purchasing power parity; international dollars,Units,"See notes for:  Gross domestic product, current prices (National currency) Population (Persons).","5,679.75",2018
Palau,"Gross domestic product per capita, current prices",Purchasing power parity; international dollars,Units,"See notes for:  Gross domestic product, current prices (National currency) Population (Persons).","14,952.11",2015
Panama,"Gross domestic product per capita, current prices",Purchasing power parity; international dollars,Units,"See notes for:  Gross domestic product, current prices (National currency) Population (Persons).","25,674.51",2017
Papua New Guinea,"Gross domestic product per capita, current prices",Purchasing power parity; international dollars,Units,"See notes for:  Gross domestic product, current prices (National currency) Population (Persons).","3,662.03",2014
Paraguay,"Gross domestic product per capita, current prices",Purchasing power parity; international dollars,Units,"See notes for:  Gross domestic product, current prices (National currency) Population (Persons).","13,395.30",2017
Peru,"Gross domestic product per capita, current prices",Purchasing power parity; international dollars,Units,"See notes for:  Gross domestic product, current prices (National currency) Population (Persons).","14,224.26",2017
Philippines,"Gross domestic product per capita, current prices",Purchasing power parity; international dollars,Units,"See notes for:  Gross domestic product, current prices (National currency) Population (Persons).","8,935.92",2017
Poland,"Gross domestic product per capita, current prices",Purchasing power parity; international dollars,Units,"See notes for:  Gross domestic product, current prices (National currency) Population (Persons).","31,938.66",2018
Portugal,"Gross domestic product per capita, current prices",Purchasing power parity; international dollars,Units,"See notes for:  Gross domestic product, current prices (National currency) Population (Persons).","32,006.43",2017
Puerto Rico,"Gross domestic product per capita, current prices",Purchasing power parity; international dollars,Units,"See notes for:  Gross domestic product, current prices (National currency) Population (Persons).","39,737.28",2017
Qatar,"Gross domestic product per capita, current prices",Purchasing power parity; international dollars,Units,"See notes for:  Gross domestic product, current prices (National currency) Population (Persons).","130,475.07",2017
Romania,"Gross domestic product per capita, current prices",Purchasing power parity; international dollars,Units,"See notes for:  Gross domestic product, current prices (National currency) Population (Persons).","26,446.74",2018
Russia,"Gross domestic product per capita, current prices",Purchasing power parity; international dollars,Units,"See notes for:  Gross domestic product, current prices (National currency) Population (Persons).","29,266.86",2017
Rwanda,"Gross domestic product per capita, current prices",Purchasing power parity; international dollars,Units,"See notes for:  Gross domestic product, current prices (National currency) Population (Persons).","2,280.09",2012
Samoa,"Gross domestic product per capita, current prices",Purchasing power parity; international dollars,Units,"See notes for:  Gross domestic product, current prices (National currency) Population (Persons).","5,889.65",2016
San Marino,"Gross domestic product per capita, current prices",Purchasing power parity; international dollars,Units,"See notes for:  Gross domestic product, current prices (National currency) Population (Persons).","60,312.91",2017
São Tomé and Príncipe,"Gross domestic product per capita, current prices",Purchasing power parity; international dollars,Units,"See notes for:  Gross domestic product, current prices (National currency) Population (Persons).","3,324.01",2011
Saudi Arabia,"Gross domestic product per capita, current prices",Purchasing power parity; international dollars,Units,"See notes for:  Gross domestic product, current prices (National currency) Population (Persons).","55,943.86",2017
Senegal,"Gross domestic product per capita, current prices",Purchasing power parity; international dollars,Units,"See notes for:  Gross domestic product, current prices (National currency) Population (Persons).","3,651.16",2017
Serbia,"Gross domestic product per capita, current prices",Purchasing power parity; international dollars,Units,"See notes for:  Gross domestic product, current prices (National currency) Population (Persons).","17,555.15",2017
Seychelles,"Gross domestic product per capita, current prices",Purchasing power parity; international dollars,Units,"See notes for:  Gross domestic product, current prices (National currency) Population (Persons).","30,505.03",2015
Sierra Leone,"Gross domestic product per capita, current prices",Purchasing power parity; international dollars,Units,"See notes for:  Gross domestic product, current prices (National currency) Population (Persons).","1,620.15",2017
Singapore,"Gross domestic product per capita, current prices",Purchasing power parity; international dollars,Units,"See notes for:  Gross domestic product, current prices (National currency) Population (Persons).","100,344.68",2017
Slovak Republic,"Gross domestic product per capita, current prices",Purchasing power parity; international dollars,Units,"See notes for:  Gross domestic product, current prices (National currency) Population (Persons).","35,129.79",2017
Slovenia,"Gross domestic product per capita, current prices",Purchasing power parity; international dollars,Units,"See notes for:  Gross domestic product, current prices (National currency) Population (Persons).","36,745.89",2017
Solomon Islands,"Gross domestic product per capita, current prices",Purchasing power parity; international dollars,Units,"See notes for:  Gross domestic product, current prices (National currency) Population (Persons).","2,241.96",2014
Somalia,"Gross domestic product per capita, current prices",Purchasing power parity; international dollars,Units,,,
South Africa,"Gross domestic product per capita, current prices",Purchasing power parity; international dollars,Units,"See notes for:  Gross domestic product, current prices (National currency) Population (Persons).","13,675.34",2017
South Sudan,"Gross domestic product per capita, current prices",Purchasing power parity; international dollars,Units,"See notes for:  Gross domestic product, current prices (National currency) Population (Persons).","1,502.13",2008
Spain,"Gross domestic product per capita, current prices",Purchasing power parity; international dollars,Units,"See notes for:  Gross domestic product, current prices (National currency) Population (Persons).","40,138.82",2017
Sri Lanka,"Gross domestic product per capita, current prices",Purchasing power parity; international dollars,Units,"See notes for:  Gross domestic product, current prices (National currency) Population (Persons).","13,397.47",2017
St. Kitts and Nevis,"Gross domestic product per capita, current prices",Purchasing power parity; international dollars,Units,"See notes for:  Gross domestic product, current prices (National currency) Population (Persons).","29,820.19",2015
St. Lucia,"Gross domestic product per capita, current prices",Purchasing power parity; international dollars,Units,"See notes for:  Gross domestic product, current prices (National currency) Population (Persons).","14,354.80",2015
St. Vincent and the Grenadines,"Gross domestic product per capita, current prices",Purchasing power parity; international dollars,Units,"See notes for:  Gross domestic product, current prices (National currency) Population (Persons).","11,956.34",2016
Sudan,"Gross domestic product per capita, current prices",Purchasing power parity; international dollars,Units,"See notes for:  Gross domestic product, current prices (National currency) Population (Persons).","4,232.00",2011
Suriname,"Gross domestic product per capita, current prices",Purchasing power parity; international dollars,Units,"See notes for:  Gross domestic product, current prices (National currency) Population (Persons).","15,105.32",2016
Sweden,"Gross domestic product per capita, current prices",Purchasing power parity; international dollars,Units,"See notes for:  Gross domestic product, current prices (National currency) Population (Persons).","52,984.11",2017
Switzerland,"Gross domestic product per capita, current prices",Purchasing power parity; international dollars,Units,"See notes for:  Gross domestic product, current prices (National currency) Population (Persons).","64,649.06",2017
Syria,"Gross domestic product per capita, current prices",Purchasing power parity; international dollars,Units,"See notes for:  Gross domestic product, current prices (National currency) Population (Persons).",n/a,2010
Taiwan Province of China,"Gross domestic product per capita, current prices",Purchasing power parity; international dollars,Units,"See notes for:  Gross domestic product, current prices (National currency) Population (Persons).","53,023.10",2017
Tajikistan,"Gross domestic product per capita, current prices",Purchasing power parity; international dollars,Units,"See notes for:  Gross domestic product, current prices (National currency) Population (Persons).","3,415.78",2014
Tanzania,"Gross domestic product per capita, current prices",Purchasing power parity; international dollars,Units,"See notes for:  Gross domestic product, current prices (National currency) Population (Persons).","3,443.66",2012
Thailand,"Gross domestic product per capita, current prices",Purchasing power parity; international dollars,Units,"See notes for:  Gross domestic product, current prices (National currency) Population (Persons).","19,476.48",2017
Timor-Leste,"Gross domestic product per capita, current prices",Purchasing power parity; international dollars,Units,"See notes for:  Gross domestic product, current prices (National currency) Population (Persons).","5,241.81",2015
Togo,"Gross domestic product per capita, current prices",Purchasing power parity; international dollars,Units,"See notes for:  Gross domestic product, current prices (National currency) Population (Persons).","1,745.57",2016
Tonga,"Gross domestic product per capita, current prices",Purchasing power parity; international dollars,Units,"See notes for:  Gross domestic product, current prices (National currency) Population (Persons).","6,110.54",2017
Trinidad and Tobago,"Gross domestic product per capita, current prices",Purchasing power parity; international dollars,Units,"See notes for:  Gross domestic product, current prices (National currency) Population (Persons).","32,253.75",2017
Tunisia,"Gross domestic product per capita, current prices",Purchasing power parity; international dollars,Units,"See notes for:  Gross domestic product, current prices (National currency) Population (Persons).","12,371.69",2017
Turkey,"Gross domestic product per capita, current prices",Purchasing power parity; international dollars,Units,"See notes for:  Gross domestic product, current prices (National currency) Population (Persons).","27,956.09",2018
Turkmenistan,"Gross domestic product per capita, current prices",Purchasing power parity; international dollars,Units,"See notes for:  Gross domestic product, current prices (National currency) Population (Persons).","19,527.24",2004
Tuvalu,"Gross domestic product per capita, current prices",Purchasing power parity; international dollars,Units,"See notes for:  Gross domestic product, current prices (National currency) Population (Persons).","4,051.93",2012
Uganda,"Gross domestic product per capita, current prices",Purchasing power parity; international dollars,Units,"See notes for:  Gross domestic product, current prices (National currency) Population (Persons).","2,497.56",2016
Ukraine,"Gross domestic product per capita, current prices",Purchasing power parity; international dollars,Units,"See notes for:  Gross domestic product, current prices (National currency) Population (Persons).","9,283.43",2017
United Arab Emirates,"Gross domestic product per capita, current prices",Purchasing power parity; international dollars,Units,"See notes for:  Gross domestic product, current prices (National currency) Population (Persons).","69,381.71",2005
United Kingdom,"Gross domestic product per capita, current prices",Purchasing power parity; international dollars,Units,"See notes for:  Gross domestic product, current prices (National currency) Population (Persons).","45,704.62",2017
United States,"Gross domestic product per capita, current prices",Purchasing power parity; international dollars,Units,"See notes for:  Gross domestic product, current prices (National currency) Population (Persons).","62,605.59",2017
Uruguay,"Gross domestic product per capita, current prices",Purchasing power parity; international dollars,Units,"See notes for:  Gross domestic product, current prices (National currency) Population (Persons).","23,274.14",2015
Uzbekistan,"Gross domestic product per capita, current prices",Purchasing power parity; international dollars,Units,"See notes for:  Gross domestic product, current prices (National currency) Population (Persons).","7,665.45",2017
Vanuatu,"Gross domestic product per capita, current prices",Purchasing power parity; international dollars,Units,"See notes for:  Gross domestic product, current prices (National currency) Population (Persons).","2,861.83",2017
Venezuela,"Gross domestic product per capita, current prices",Purchasing power parity; international dollars,Units,"See notes for:  Gross domestic product, current prices (National currency) Population (Persons).",n/a,2010
Vietnam,"Gross domestic product per capita, current prices",Purchasing power parity; international dollars,Units,"See notes for:  Gross domestic product, current prices (National currency) Population (Persons).","7,510.53",2016
Yemen,"Gross domestic product per capita, current prices",Purchasing power parity; international dollars,Units,"See notes for:  Gross domestic product, current prices (National currency) Population (Persons).","2,377.24",2017
Zambia,"Gross domestic product per capita, current prices",Purchasing power parity; international dollars,Units,"See notes for:  Gross domestic product, current prices (National currency) Population (Persons).","4,103.50",2010
Zimbabwe,"Gross domestic product per capita, current prices",Purchasing power parity; international dollars,Units,"See notes for:  Gross domestic product, current prices (National currency) Population (Persons).","2,787.63",2012
,,,,,,
"International Monetary Fund, World Economic Outlook Database, April 2019",,,,,,